<?xml version="1.0" encoding="UTF-8" ?>
<odoo>
    <data>

        <!--<record model="ir.sequence.type" id="seq_type_socio_id">-->
            <!--<field name="name">Número sócio</field>-->
            <!--<field name="code">ges.socio_seq</field>-->
        <!--</record>-->

        <record model="ir.sequence" id="seq_socio_id">
            <field name="name">Número sócio</field>
            <field name="code">ges.socio_seq</field>
            <field name="prefix"></field>
            <field name="padding">1</field>
        </record>

    </data>
</odoo>