<?xml version="1.0" encoding="UTF-8" ?>
<odoo>
    <data>
        <record id="atleta_1" model="ges.atleta">
            <field name="name">Afonso Sousa</field>
            <field name="email">afonso_sousa@xy.z</field>
            <field name="sexo">m</field>
            <field name="birthdate">2001-05-19</field>
            <field name="escalao" ref="escalao_bambi"></field>
            <field name="numero_socio">1</field>
            <field name="membro_gratis" eval="True"/>
        </record>

        <record id="atleta_2" model="ges.atleta">
            <field name="name">Martim Rocha</field>
            <field name="email">martim_rocha@xy.z</field>
            <field name="sexo">m</field>
            <field name="birthdate">2010-08-11</field>
            <field name="escalao" ref="escalao_benjamin"></field>
            <field name="numero_socio">2</field>
            <field name="membro_gratis" eval="True"/>
        </record>

        <record id="atleta_3" model="ges.atleta">
            <field name="name">Bernardo Ferreira</field>
            <field name="email">bernardo_ferreira@xy.z</field>
            <field name="sexo">m</field>
            <field name="birthdate">1996-02-05</field>
            <field name="escalao" ref="escalao_senior"></field>
            <field name="numero_socio">3</field>
            <field name="membro_gratis" eval="True"/>
        </record>

        <record id="atleta_4" model="ges.atleta">
            <field name="name">Rafael Fonseca</field>
            <field name="email">rafael_fonseca@xy.z</field>
            <field name="sexo">m</field>
            <field name="birthdate">2008-07-06</field>
            <field name="escalao" ref="escalao_escolar"></field>
            <field name="numero_socio">4</field>
            <field name="membro_gratis" eval="True"/>
        </record>

        <record id="atleta_5" model="ges.atleta">
            <field name="name">Rodrigo Rocha</field>
            <field name="email">rodrigo_rocha@xy.z</field>
            <field name="sexo">m</field>
            <field name="birthdate">2012-02-06</field>
            <field name="escalao" ref="escalao_bambi"></field>
            <field name="numero_socio">5</field>
            <field name="membro_gratis" eval="True"/>
        </record>


        <record id="atleta_6" model="ges.atleta">
            <field name="name">Bernardo Silva</field>
            <field name="email">bernardo_silva@xy.z</field>
            <field name="sexo">m</field>
            <field name="birthdate">2001-05-18</field>
            <field name="escalao" ref="escalao_bambi"></field>
            <field name="numero_socio">6</field>
            <field name="membro_gratis" eval="True"/>
        </record>

    </data>
</odoo>