<?xml version="1.0" encoding="UTF-8" ?>
<odoo>
    <data>

        <!-- Sapatilhas -->
        <record id="categoria_treino_sapatilhas" model="ges.categoria_treino">
            <field name="name">Sapatilhas</field>
        </record>

        <!-- Patins -->
        <record id="categoria_treino_patins" model="ges.categoria_treino">
            <field name="name">Patins</field>
        </record>

        <!-- Remate -->
        <record id="categoria_treino_remate" model="ges.categoria_treino">
            <field name="name">Remate</field>
        </record>

        <!-- Corrida -->
        <record id="categoria_treino_corrida" model="ges.categoria_treino">
            <field name="name">Corrida</field>
        </record>
    </data>
</odoo>