<?xml version="1.0" encoding="UTF-8" ?>
<odoo>
    <data>
        <record id="competicao_1" model="ges.competicao">
            <field name="designacao">Amigável</field>
            <field name="epoca" ref="epoca_17_18"/>
        </record>
        <record id="competicao_2" model="ges.competicao">
            <field name="designacao">Campeonato</field>
            <field name="epoca" ref="epoca_17_18"/>
        </record>
        <record id="competicao_3" model="ges.competicao">
            <field name="designacao">Taça</field>
            <field name="epoca" ref="epoca_16_17"/>
        </record>

    </data>
</odoo>