<?xml version="1.0" encoding="UTF-8" ?>
<odoo>
    <data>
        <record id="epoca_17_18" model="ges.epoca">
            <field name="name">Época 17-18</field>
            <field name="data_inicio">2017-09-15</field>
            <field name="data_fim">2018-07-15</field>
            <field name="atual" eval="True"/>
        </record>

        <record id="epoca_16_17" model="ges.epoca">
            <field name="name">Época 16-17</field>
            <field name="data_inicio">2016-09-15</field>
            <field name="data_fim">2017-07-15</field>
        </record>

    </data>
</odoo>