<?xml version="1.0" encoding="UTF-8" ?>
<odoo>
    <data>
        <record id="equipa_bambis" model="ges.equipa">
            <field name="name">Equipa Bambis</field>
            <field name="escalao" ref="escalao_bambi"/>
            <field name="epoca" ref="epoca_17_18"/>
            <field name="atletas"
                   eval="[(4,ref('atleta_1')),(4,ref('atleta_5'))]"/>
        </record>

        <record id="equipa_benjamin" model="ges.equipa">
            <field name="name">Equipa Benjamins</field>
            <field name="escalao" ref="escalao_benjamin"/>
            <field name="epoca" ref="epoca_17_18"/>
        </record>

        <record id="equipa_escolar" model="ges.equipa">
            <field name="name">Equipa Escolares</field>
            <field name="escalao" ref="escalao_escolar"/>
            <field name="epoca" ref="epoca_17_18"/>
        </record>

        <record id="equipa_sub13" model="ges.equipa">
            <field name="name">Equipa Sub-13</field>
            <field name="escalao" ref="escalao_sub13"/>
            <field name="epoca" ref="epoca_17_18"/>
        </record>

        <record id="equipa_sub15" model="ges.equipa">
            <field name="name">Equipa Sub-15</field>
            <field name="escalao" ref="escalao_sub15"/>
            <field name="epoca" ref="epoca_17_18"/>
        </record>

        <record id="equipa_sub17" model="ges.equipa">
            <field name="name">Equipa Sub-17</field>
            <field name="escalao" ref="escalao_sub17"/>
            <field name="epoca" ref="epoca_17_18"/>
        </record>

        <record id="equipa_sub20" model="ges.equipa">
            <field name="name">Equipa Sub-20</field>
            <field name="escalao" ref="escalao_sub20"/>
            <field name="epoca" ref="epoca_17_18"/>
        </record>

        <record id="equipa_senior" model="ges.equipa">
            <field name="name">Equipa Senior</field>
            <field name="escalao" ref="escalao_senior"/>
            <field name="epoca" ref="epoca_17_18"/>
        </record>

    </data>
</odoo>