<?xml version="1.0" encoding="UTF-8" ?>
<odoo>
    <data>
        <record id="equipa_adversaria_1" model="ges.equipa_adversaria">
            <field name="nome">Hoquei Clube Braga</field>
        </record>
        <record id="equipa_adversaria_2" model="ges.equipa_adversaria">
            <field name="nome">Hoquei Clube Barcelos</field>
        </record>
        <record id="equipa_adversaria_3" model="ges.equipa_adversaria">
            <field name="nome">Oliveirense</field>
        </record>

    </data>
</odoo>