<?xml version="1.0" encoding="UTF-8" ?>
<odoo>
    <data>
        <record id="escalao_teste" model="ges.escalao">
            <field name="designacao">Teste</field>
            <field name="idade_min">0</field>
            <field name="idade_max">3</field>
        </record>
        <record id="escalao_bambi" model="ges.escalao">
            <field name="designacao">Bambi</field>
            <field name="idade_min">4</field>
            <field name="idade_max">6</field>
        </record>
        <record id="escalao_benjamin" model="ges.escalao">
            <field name="designacao">Benjamin</field>
            <field name="idade_min">7</field>
            <field name="idade_max">8</field>
        </record>
        <record id="escalao_escolar" model="ges.escalao">
            <field name="designacao">Escolar</field>
            <field name="idade_min">9</field>
            <field name="idade_max">10</field>
        </record>
        <record id="escalao_sub13" model="ges.escalao">
            <field name="designacao">Sub-13</field>
            <field name="idade_min">11</field>
            <field name="idade_max">12</field>
        </record>
        <record id="escalao_sub15" model="ges.escalao">
            <field name="designacao">Sub-15</field>
            <field name="idade_min">13</field>
            <field name="idade_max">14</field>
        </record>
        <record id="escalao_sub17" model="ges.escalao">
            <field name="designacao">Sub-17</field>
            <field name="idade_min">15</field>
            <field name="idade_max">16</field>
        </record>
        <record id="escalao_sub20" model="ges.escalao">
            <field name="designacao">Sub-20</field>
            <field name="idade_min">17</field>
            <field name="idade_max">19</field>
        </record>
        <record id="escalao_senior" model="ges.escalao">
            <field name="designacao">Senior</field>
            <field name="idade_min">20</field>
            <field name="idade_max">150</field>
        </record>
    </data>
</odoo>