<?xml version="1.0" encoding="UTF-8" ?>
<odoo>
    <data>
        <record id="tempo_parte_8" model="ges.tempo_parte">
            <field name="tempo_parte">8</field>
        </record>

        <record id="tempo_parte_10" model="ges.tempo_parte">
            <field name="tempo_parte">10</field>
        </record>

        <record id="tempo_parte_15" model="ges.tempo_parte">
            <field name="tempo_parte">15</field>
        </record>

        <record id="tempo_parte_20" model="ges.tempo_parte">
            <field name="tempo_parte">20</field>
        </record>

        <record id="tempo_parte_25" model="ges.tempo_parte">
            <field name="tempo_parte">25</field>
        </record>
    </data>
</odoo>