<?xml version="1.0" encoding="UTF-8" ?>
<odoo>
    <data>
        <record id="treinador_1" model="ges.treinador">
            <field name="name">Pedro Vaz</field>
            <field name="email">pedro_vaz@xy.z</field>
            <field name="sexo">m</field>
            <field name="birthdate">1972-03-11</field>
            <field name="membro_gratis" eval="True"/>
        </record>
        <record id="treinador_2" model="ges.treinador">
            <field name="name">Vasco Ribeiro</field>
            <field name="email">vasco_ribeiro@xy.z</field>
            <field name="sexo">m</field>
            <field name="birthdate">1992-09-10</field>
            <field name="membro_gratis" eval="True"/>
        </record>
        <record id="treinador_3" model="ges.treinador">
            <field name="name">Marta Ribeiro</field>
            <field name="email">marta_ribeiro@xy.z</field>
            <field name="sexo">f</field>
            <field name="birthdate">1986-02-15</field>
            <field name="membro_gratis" eval="True"/>
        </record>
        <record id="treinador_4" model="ges.treinador">
            <field name="name">Mário Campos</field>
            <field name="email">mario_campos@xy.z</field>
            <field name="birthdate">1979-01-03</field>
            <field name="membro_gratis" eval="False"/>
        </record>
        <record id="treinador_5" model="ges.treinador">
            <field name="name">Frederico Burnay</field>
            <field name="email">frederico_burnay@xy.z</field>
            <field name="sexo">m</field>
            <field name="birthdate">1989-01-22</field>
            <field name="membro_gratis" eval="True"/>
        </record>

    </data>
</odoo>