<?xml version="1.0" encoding="UTF-8" ?>
<odoo>
    <data>


        <record id="local_zona_1" model="ges.zona">
            <field name="nome">G1</field>
        </record>
        <record id="local_zona_2" model="ges.zona">
            <field name="nome">G2</field>
        </record>
        <record id="local_zona_3" model="ges.zona">
            <field name="nome">G3</field>
        </record>
        <record id="local_zona_4" model="ges.zona">
            <field name="nome">G4</field>
        </record>
        <record id="local_zona_5" model="ges.zona">
            <field name="nome">G5</field>
        </record>
        <record id="local_zona_6" model="ges.zona">
            <field name="nome">G6</field>
        </record>
        <record id="local_zona_7" model="ges.zona">
            <field name="nome">G7</field>
        </record>
        <record id="local_zona_8" model="ges.zona">
            <field name="nome">G8</field>
        </record>
        <record id="local_zona_9" model="ges.zona">
            <field name="nome">G9</field>
        </record>

    </data>
</odoo>